Date,Time,Time Between Videos,Video ID,
9/1/24,21:09:54,0:01:04,7405548387321335072,
9/1/24,21:10:58,0:00:17,7409293196968185119,
9/1/24,21:11:15,0:00:23,7408949884243528990,
9/1/24,21:11:38,0:00:03,7409340717182618912,
9/1/24,21:11:41,0:00:30,7409430454287240478,
9/1/24,21:12:11,0:01:21,7407857826418199851,
9/1/24,21:13:32,0:00:10,7409089764214721834,
9/1/24,21:13:42,0:01:17,7408964625238199583,
9/1/24,21:14:59,0:00:04,7407620333173247274,
9/1/24,21:15:03,0:00:25,7409491316163284267,
9/1/24,21:15:28,0:00:01,7406012934826102058,
9/1/24,21:15:29,,7409045527049850143,
9/2/24,22:03:40,0:00:08,7409114288092171552,
9/2/24,22:03:48,0:00:04,7409850449639066912,
9/2/24,22:03:52,0:00:01,7400896581865639211,
9/2/24,22:03:53,0:00:01,7408607472878882094,
9/2/24,22:03:54,0:00:01,7409840603564985642,
9/2/24,22:03:55,0:00:03,7407006780229733665,
9/2/24,22:03:58,0:28:18,7401639090665344286,
9/2/24,22:32:16,0:00:00,7409675027374689566,
9/2/24,22:32:16,0:00:02,7409161161918254337,
9/2/24,22:32:18,0:00:02,7408762331791920414,
9/2/24,22:32:20,0:00:14,7409807063477538081,
9/2/24,22:32:34,0:00:01,7391907796817661201,
9/2/24,22:32:35,0:00:02,7409375367657426206,
9/2/24,22:32:37,0:00:03,7409162818433518894,
9/2/24,22:32:40,0:00:04,7408770407194496298,
9/2/24,22:32:44,0:00:13,7409467304947289374,
9/2/24,22:32:57,0:00:03,7410154562100841774,
9/2/24,22:33:00,0:00:01,7397817685733657872,
9/2/24,22:33:01,0:00:14,7408766904485088554,
9/2/24,22:33:15,0:00:02,7409588259556232480,
9/2/24,22:33:17,0:00:01,7409300523158899998,
9/2/24,22:33:18,0:00:05,7389723568667364626,
9/2/24,22:33:23,0:00:12,7409534967815949598,
9/2/24,22:33:35,0:00:01,7392001510676172049,
9/2/24,22:33:36,0:00:35,7409320800630607147,
9/2/24,22:34:11,0:00:01,7410172506956369182,
9/2/24,22:34:12,0:00:11,7408780667288440106,
9/2/24,22:34:23,0:00:44,7408997923960212766,
9/2/24,22:35:07,0:00:05,7408675765619035438,
9/2/24,22:35:12,0:00:01,7409550944196709649,
9/2/24,22:35:13,0:00:10,7385909461484899600,
9/2/24,22:35:23,0:00:01,7409439069039791406,
9/2/24,22:35:24,0:00:06,7409771267420638510,
9/2/24,22:35:30,0:00:10,7408559989431848234,
9/2/24,22:35:40,0:00:09,7409390495320984878,
9/2/24,22:35:49,0:00:52,7383414435601288478,
9/2/24,22:36:41,0:00:14,7408670934036466974,
9/2/24,22:36:55,0:00:27,7408343766525840686,
9/2/24,22:37:22,0:00:16,7408791939396488478,
9/2/24,22:37:38,0:00:08,7409138391805185310,
9/2/24,22:37:46,0:00:03,7408296066790985002,
9/2/24,22:37:49,0:00:32,7383450315451927851,
9/2/24,22:38:21,0:00:01,7408945577649638698,
9/2/24,22:38:22,0:00:05,7407890910320561439,
9/2/24,22:38:27,0:00:13,7409418908060372266,
9/2/24,22:38:40,0:00:08,7407532463133625630,
9/2/24,22:38:48,0:00:06,7408725965477580038,
9/2/24,22:38:54,0:00:01,7389266472125680913,
9/2/24,22:38:55,0:00:06,7403388855950396702,
9/2/24,22:39:01,0:00:43,7409093337220795690,
9/2/24,22:39:44,0:00:06,7409459443328355627,
9/2/24,22:39:50,0:01:49,7407653938020764959,
9/2/24,22:41:39,0:00:01,7405729614351437057,
9/2/24,22:41:40,0:00:16,7403760053427227947,
9/2/24,22:41:56,0:00:07,7409266372183674142,
9/2/24,22:42:03,0:00:07,7409433754944720174,
9/2/24,22:42:10,0:00:01,7408692017791814955,
9/2/24,22:42:11,0:00:10,7408196735463509294,
9/2/24,22:42:21,0:00:31,7379386881429163310,
9/2/24,22:42:52,0:00:39,7409822864477523230,
9/2/24,22:43:31,0:00:05,7404320401012165918,
9/2/24,22:43:36,0:00:00,7404821433970461998,
9/2/24,22:43:36,0:00:17,7389840135887637761,
9/2/24,22:43:53,0:00:18,7408572062509403422,
9/2/24,22:44:11,0:00:06,7408936302487457070,
9/2/24,22:44:17,0:00:09,7403515753896430890,
9/2/24,22:44:26,0:26:39,7407472730498485534,
9/2/24,23:11:05,0:00:23,7410157523803704622,
9/2/24,23:11:28,0:00:00,7382275452364197150,
9/2/24,23:11:28,0:00:47,7409030551870459137,
9/2/24,23:12:15,0:00:27,7409324284847328555,
9/2/24,23:12:42,0:00:04,7409372048054570283,
9/2/24,23:12:46,0:00:15,7406347599864745247,
9/2/24,23:13:01,0:00:02,7407824384993266990,
9/2/24,23:13:03,0:00:09,7408121693614525728,
9/2/24,23:13:12,0:00:07,7394028838868503840,
9/2/24,23:13:19,0:00:01,7399756083234917664,
9/2/24,23:13:20,0:00:05,7410171866314231071,
9/2/24,23:13:25,0:00:21,7409674348182785310,
9/2/24,23:13:46,0:00:12,7409780128097750318,
9/2/24,23:13:58,0:00:02,7409024755354848542,
9/2/24,23:14:00,0:00:07,7409372891432701215,
9/2/24,23:14:07,0:00:03,7409362834573888799,
9/2/24,23:14:10,0:00:20,7408038937924603166,
9/2/24,23:14:30,0:00:01,7409489863365414186,
9/2/24,23:14:31,0:00:01,7408596841543093535,
9/2/24,23:14:32,0:00:09,7394953254905318689,
9/2/24,23:14:41,0:00:14,7409448109853429038,
9/2/24,23:14:55,0:00:11,7408890052564094226,
9/2/24,23:15:06,0:00:08,7409394427308920106,
9/2/24,23:15:14,0:00:05,7409447499636788523,
9/2/24,23:15:19,0:00:00,7408530409077853473,
9/2/24,23:15:19,0:00:09,7406032892834483473,
9/2/24,23:15:28,0:00:16,7407766791646121236,
9/2/24,23:15:44,0:00:03,7404123056295169311,
9/2/24,23:15:47,0:00:06,7410119421055782174,
9/2/24,23:15:53,0:00:34,7407908906061548843,
9/2/24,23:16:27,0:00:15,7409755377752902919,
9/2/24,23:16:42,0:00:15,7409395197223701790,
9/2/24,23:16:57,0:00:02,7402362567554829598,
9/2/24,23:16:59,0:00:03,7409545266291903750,
9/2/24,23:17:02,0:00:03,7405340346487409951,
9/2/24,23:17:05,0:00:14,7409291236424600862,
9/2/24,23:17:19,0:00:08,7408605942482226463,
9/2/24,23:17:27,0:00:10,7409150619476364586,
9/2/24,23:17:37,0:00:01,7406428776797621520,
9/2/24,23:17:38,0:00:08,7377443830603304238,
9/2/24,23:17:46,0:00:09,7409483170321665310,
9/2/24,23:17:55,0:00:01,7377479341355109674,
9/2/24,23:17:56,0:00:13,7408621631557422366,
9/2/24,23:18:09,0:00:17,7405383637518028063,
9/2/24,23:18:26,0:00:01,7401062438734449937,
9/2/24,23:18:27,0:00:01,7405322149243735339,
9/2/24,23:18:28,0:00:41,7409123172076801311,
9/2/24,23:19:09,0:00:25,7409936579692711200,
9/2/24,23:19:34,0:00:01,7404958864841461009,
9/2/24,23:19:35,0:00:01,7408951027946245419,
9/2/24,23:19:36,0:00:09,7408659099279281439,
9/2/24,23:19:45,0:00:05,7409823693175655710,
9/2/24,23:19:50,0:00:03,7382662183357779233,
9/2/24,23:19:53,0:00:48,7408667287189835050,
9/2/24,23:20:41,0:00:10,7409512294448729375,
9/2/24,23:20:51,0:00:10,7382489583331675400,
9/2/24,23:21:01,0:00:01,7400476210662329601,
9/2/24,23:21:02,0:00:03,7408195520163745057,
9/2/24,23:21:05,0:00:02,7383217879719742762,
9/2/24,23:21:07,0:00:07,7382755574531869985,
9/2/24,23:21:14,0:00:37,7408708205347474730,
9/2/24,23:21:51,0:00:03,7408621459691621675,
9/2/24,23:21:54,0:00:01,7408961433003625770,
9/2/24,23:21:55,0:00:02,7408386606526172447,
9/2/24,23:21:57,0:00:01,7390088350121725201,
9/2/24,23:21:58,0:00:02,7404989773003099422,
9/2/24,23:22:00,0:00:09,7404226304813419806,
9/2/24,23:22:09,0:00:10,7406332350528884011,
9/2/24,23:22:19,0:00:41,7408612165290118433,
9/2/24,23:23:00,0:00:16,7409550252409179422,
9/2/24,23:23:16,0:00:04,7408745047732047150,
9/2/24,23:23:20,0:00:10,7404961439296851205,
9/2/24,23:23:30,0:00:03,7403519584499797291,
9/2/24,23:23:33,0:00:10,7407495299280719150,
9/2/24,23:23:43,0:00:01,7397187533647383839,
9/2/24,23:23:44,0:00:13,7409115381085900075,
9/2/24,23:23:57,0:00:09,7409415087246675246,
9/2/24,23:24:06,0:00:04,7410146944816876846,
9/2/24,23:24:10,0:00:09,7410188032009080107,
9/2/24,23:24:19,0:00:13,7406463597263539502,
9/2/24,23:24:32,0:00:01,7402336097486884097,
9/2/24,23:24:33,0:00:04,7394765793315065120,
9/2/24,23:24:37,0:00:27,7404982070004501803,
9/2/24,23:25:04,0:00:07,7408935243371138346,
9/2/24,23:25:11,0:00:01,7394989321213742379,
9/2/24,23:25:12,0:00:04,7409872510453320991,
9/2/24,23:25:16,0:00:07,7399319025840393503,
9/2/24,23:25:23,0:00:06,7404839107765095722,
9/2/24,23:25:29,0:00:00,7404383873708166443,
9/2/24,23:25:29,0:00:07,7401087378003102993,
9/2/24,23:25:36,0:00:01,7409788416503663903,
9/2/24,23:25:37,0:00:18,7409072470956789034,
9/2/24,23:25:55,0:00:01,7400164325530307856,
9/2/24,23:25:56,0:00:23,7399084193143065899,
9/2/24,23:26:19,0:00:08,7409013504176393502,
9/2/24,23:26:27,0:00:00,7409380099579022634,
9/2/24,23:26:27,0:00:08,7371512559502937361,
9/2/24,23:26:35,0:00:07,7396166952449740062,
9/2/24,23:26:42,0:00:01,7406745212304805121,
9/2/24,23:26:43,0:00:07,7403940470247705898,
9/2/24,23:26:50,0:00:01,7403556629632814378,
9/2/24,23:26:51,0:00:01,7405300543641357585,
9/2/24,23:26:52,0:00:04,7404351734589558047,
9/2/24,23:26:56,0:00:08,7399102274078805278,
9/2/24,23:27:04,0:00:18,7409515415929441567,
9/2/24,23:27:22,0:00:07,7409696215945907502,
9/2/24,23:27:29,0:00:08,7408781287231638827,
9/2/24,23:27:37,0:00:12,7409499163177635114,
9/2/24,23:27:49,0:00:24,7408663208396967198,
9/2/24,23:28:13,0:00:01,7407810555882261777,
9/2/24,23:28:14,0:00:07,7409468937324219690,
9/2/24,23:28:21,0:00:01,7406210609144040750,
9/2/24,23:28:22,0:00:02,7408190814741908766,
9/2/24,23:28:24,0:00:01,7407587486555213086,
9/2/24,23:28:25,,7397120447797611809,
9/3/24,1:20:34,0:00:05,7409438316170349866,
9/3/24,1:20:39,0:00:09,7408997425223896366,
9/3/24,1:20:48,0:00:18,7409656648207174942,
9/3/24,1:21:06,0:00:07,7408943416018619678,
9/3/24,1:21:13,0:00:22,7410060842458172703,
9/3/24,1:21:35,0:00:07,7408722509056462122,
9/3/24,1:21:42,0:00:53,7407426664616971552,
9/3/24,1:22:35,0:00:07,7409849765741088031,
9/3/24,1:22:42,0:00:12,7408810598793792776,
9/3/24,1:22:54,0:00:01,7391907799380397313,
9/3/24,1:22:55,0:00:08,7409335623947013407,
9/3/24,1:23:03,0:00:16,7409754669729205535,
9/3/24,1:23:19,0:00:13,7408898515826527518,
9/3/24,1:23:32,0:00:00,7409326335744609567,
9/3/24,1:23:32,0:00:20,7380561979095780624,
9/3/24,1:23:52,0:00:07,7410157469969763626,
9/3/24,1:23:59,0:00:11,7394987952746564895,
9/3/24,1:24:10,0:00:06,7402355855552777504,
9/3/24,1:24:16,0:00:08,7409414085965548831,
9/3/24,1:24:24,0:00:08,7407499942652136747,
9/3/24,1:24:32,0:00:17,7408975340254547243,
9/3/24,1:24:49,0:00:02,7389731879572000046,
9/3/24,1:24:51,0:00:24,7408353389911854367,
9/3/24,1:25:15,0:00:02,7410069986284260654,
9/3/24,1:25:17,0:00:09,7405354298571377950,
9/3/24,1:25:26,0:00:05,7409016565582023941,
9/3/24,1:25:31,0:00:02,7408907321889344798,
9/3/24,1:25:33,0:00:10,7409339149506972933,
9/3/24,1:25:43,0:00:19,7407566252593433862,
9/3/24,1:26:02,0:00:00,7404263498458402054,
9/3/24,1:26:02,0:00:07,7386301797540973867,
9/3/24,1:26:09,0:00:50,7406719085071060270,
9/3/24,1:26:59,0:00:11,7407256066687241502,
9/3/24,1:27:10,0:00:02,7397386219262463240,
9/3/24,1:27:12,0:00:19,7403897868693572910,
9/3/24,1:27:31,0:00:10,7409336482030210336,
9/3/24,1:27:41,0:00:12,7408923442675797278,
9/3/24,1:27:53,0:00:23,7401119220248907038,
9/3/24,1:28:16,0:00:03,7410198715924811039,
9/3/24,1:28:19,0:00:07,7404562897482812718,
9/3/24,1:28:26,0:00:01,7340430463821008130,
9/3/24,1:28:27,0:00:02,7403919918720191787,
9/3/24,1:28:29,0:00:04,7408587732575866142,
9/3/24,1:28:33,0:01:05,7408999443057511726,
9/3/24,1:29:38,0:00:06,7408336421968219435,
9/3/24,1:29:44,0:00:09,7331200067501608235,
9/3/24,1:29:53,0:00:08,7402404500847217951,
9/3/24,1:30:01,0:00:18,7409009212489239854,
9/3/24,1:30:19,0:00:01,7407520716557536529,
9/3/24,1:30:20,0:00:12,7403809086535437611,
9/3/24,1:30:32,0:00:01,7409777345290112262,
9/3/24,1:30:33,0:00:01,7384553022711532830,
9/3/24,1:30:34,0:21:51,7408711222536817962,
9/3/24,1:52:25,0:00:13,7408682927971781919,
9/3/24,1:52:38,0:00:01,7407965635474509099,
9/3/24,1:52:39,0:00:12,7407892193085656366,
9/3/24,1:52:51,0:00:06,7407936487880232225,
9/3/24,1:52:57,0:00:06,7404681598828023086,
9/3/24,1:53:03,0:00:01,7397464321162349841,
9/3/24,1:53:04,0:00:09,7403852155540557087,
9/3/24,1:53:13,0:00:09,7403947380690799902,
9/3/24,1:53:22,0:00:06,7409041400588815659,
9/3/24,1:53:28,0:00:35,7409049175154904363,
9/3/24,1:54:03,0:00:25,7408993251690073374,
9/3/24,1:54:28,0:00:12,7409363272685702433,
9/3/24,1:54:40,0:00:19,7407870424840719647,
9/3/24,1:54:59,0:00:52,7408702910139305222,
9/3/24,1:55:51,0:00:04,7406389538215726382,
9/3/24,1:55:55,0:00:24,7408497088008359199,
9/3/24,1:56:19,0:00:10,7405227549946563872,
9/3/24,1:56:29,0:00:02,7392015614245653791,
9/3/24,1:56:31,0:00:34,7401243283919244590,
9/3/24,1:57:05,0:00:10,7407613507451063557,
9/3/24,1:57:15,0:00:01,7408567648658672897,
9/3/24,1:57:16,0:00:05,7407823884164025642,
9/3/24,1:57:21,0:00:33,7403119966997843205,
9/3/24,1:57:54,0:00:07,7409435585212845354,
9/3/24,1:58:01,0:00:14,7408975209665023275,
9/3/24,1:58:15,0:00:16,7410122761370209582,
9/3/24,1:58:31,0:00:06,7408155448508960016,
9/3/24,1:58:37,0:00:12,7409431635680169246,
9/3/24,1:58:49,0:00:10,7400839640334224686,
9/3/24,1:58:59,1:10:00,7408282459026001195,
9/3/24,3:08:59,0:00:22,7407954909737504046,
9/3/24,3:09:21,0:00:01,7405638389812251921,
9/3/24,3:09:22,0:00:12,7406475208195902762,
9/3/24,3:09:34,0:00:08,7408637446709054750,
9/3/24,3:09:42,0:00:09,7408429670124784926,
9/3/24,3:09:51,0:00:22,7382809990886657297,
9/3/24,3:10:13,0:00:16,7407693234589388037,
9/3/24,3:10:29,0:00:11,7404967263385767214,
9/3/24,3:10:40,0:00:07,7409323837495512366,
9/3/24,3:10:47,0:00:02,7408945577649638698,
9/3/24,3:10:49,0:00:04,7394333147426508074,
9/3/24,3:10:53,0:00:04,7409339860487556398,
9/3/24,3:10:57,0:04:33,7409488741355523374,
9/3/24,3:15:30,0:01:19,7388714297418927367,
9/3/24,3:16:49,0:00:01,7392001510676172049,
9/3/24,3:16:50,0:00:11,7409024093871181099,
9/3/24,3:17:01,0:00:02,7403573504395791662,
9/3/24,3:17:03,0:00:01,7401086814598991105,
9/3/24,3:17:04,0:00:02,7404701116224572714,
9/3/24,3:17:06,0:00:12,7409431457363414314,
9/3/24,3:17:18,0:00:11,7408416797290024234,
9/3/24,3:17:29,0:00:06,7397109163467230480,
9/3/24,3:17:35,0:00:02,7397540537147870507,
9/3/24,3:17:37,0:00:02,7404233107152457002,
9/3/24,3:17:39,0:00:01,7374798643884313872,
9/3/24,3:17:40,0:00:08,7404574642284793131,
9/3/24,3:17:48,0:00:08,7405304899602238753,
9/3/24,3:17:56,0:00:08,7408926394509577502,
9/3/24,3:18:04,0:00:01,7406032892834483473,
9/3/24,3:18:05,0:00:10,7408644350919363871,
9/3/24,3:18:15,0:00:08,7407597466880576799,
9/3/24,3:18:23,0:00:01,7397537670403984657,
9/3/24,3:18:24,0:00:11,7390092529321938219,
9/3/24,3:18:35,0:00:12,7409813280631409966,
9/3/24,3:18:47,0:00:02,7389326667057040682,
9/3/24,3:18:49,0:00:21,7407016885042171167,
9/3/24,3:19:10,0:00:44,7409743686092754206,
9/3/24,3:19:54,0:00:05,7399052153500994862,
9/3/24,3:19:59,0:00:14,7409693131991551274,
9/3/24,3:20:13,0:00:08,7408238798154370350,
9/3/24,3:20:21,0:00:03,7409332136102382894,
9/3/24,3:20:24,0:00:03,7409037611794238762,
9/3/24,3:20:27,0:00:05,7397099440047148331,
9/3/24,3:20:32,0:00:02,7408647087316913424,
9/3/24,3:20:34,0:00:03,7409749678377717038,
9/3/24,3:20:37,0:00:04,7384888142546930950,
9/3/24,3:20:41,0:00:16,7378074121114209582,
9/3/24,3:20:57,0:00:01,7380114985252293889,
9/3/24,3:20:58,0:00:12,7378305123962998059,
9/3/24,3:21:10,0:00:14,7408939727543487774,
9/3/24,3:21:24,0:00:08,7409902440184679726,
9/3/24,3:21:32,0:00:30,7389048615639043358,
9/3/24,3:22:02,0:00:02,7398163068267580715,
9/3/24,3:22:04,0:00:06,7409742461641346350,
9/3/24,3:22:10,0:00:07,7409918627950136622,
9/3/24,3:22:17,0:00:01,7284297040476130603,
9/3/24,3:22:18,0:00:02,7397029564146371882,
9/3/24,3:22:20,0:00:01,7410144116207521067,
9/3/24,3:22:21,0:00:02,7369752896604359979,
9/3/24,3:22:23,0:00:03,7404763335843056942,
9/3/24,3:22:26,0:00:17,7409348711681150251,
9/3/24,3:22:43,0:00:01,7397455381099859217,
9/3/24,3:22:44,0:27:25,7406534155573677358,
9/3/24,3:50:09,0:00:05,7409443932129578283,
9/3/24,3:50:14,0:00:03,7291037585340763434,
9/3/24,3:50:17,0:00:09,7408268933230234922,
9/3/24,3:50:26,0:00:05,7405638386037443857,
9/3/24,3:50:31,0:00:33,7408622786878410015,
9/3/24,3:51:04,0:00:07,7409893681378921758,
9/3/24,3:51:11,0:00:12,7408717949999254830,
9/3/24,3:51:23,0:00:08,7409781864682065198,
9/3/24,3:51:31,0:00:17,7380035783924731141,
9/3/24,3:51:48,0:00:02,7405795668683394309,
9/3/24,3:51:50,0:00:07,7408627342764969262,
9/3/24,3:51:57,0:00:12,7408772280391666977,
9/3/24,3:52:09,0:00:13,7404640645077404958,
9/3/24,3:52:22,0:00:16,7406474401820167470,
9/3/24,3:52:38,0:00:25,7409703320496917792,
9/3/24,3:53:03,0:00:10,7408359688808566022,
9/3/24,3:53:13,0:00:04,7395017713514532138,
9/3/24,3:53:17,0:00:04,7407972088037821739,
9/3/24,3:53:21,0:00:14,7401615733253262634,
9/3/24,3:53:35,0:00:08,7408526668131798304,
9/3/24,3:53:43,0:00:14,7405890768558132487,
9/3/24,3:53:57,0:00:02,7409069550861372689,
9/3/24,3:53:59,0:00:14,7410118739443731758,
9/3/24,3:54:13,0:00:08,7404197232276294920,
9/3/24,3:54:21,0:00:18,7380809755868155179,
9/3/24,3:54:39,0:00:05,7378253092770417937,
9/3/24,3:54:44,0:00:04,7403154174562536735,
9/3/24,3:54:48,0:00:24,7395206371051916574,
9/3/24,3:55:12,0:00:09,7408034186499525931,
9/3/24,3:55:21,0:48:34,7408728738738818335,
9/3/24,4:43:55,0:00:41,7408492641823853856,
9/3/24,4:44:36,0:00:05,7394883526946000170,
9/3/24,4:44:41,0:00:16,7398300541006122271,
9/3/24,4:44:57,0:00:00,7408948598995569950,
9/3/24,4:44:57,0:00:23,7387536813499419920,
9/3/24,4:45:20,0:00:03,7410176912519154987,
9/3/24,4:45:23,0:00:17,7409320908059462942,
9/3/24,4:45:40,0:00:11,7409754225409854753,
9/3/24,4:45:51,0:00:18,7405989439463230762,
9/3/24,4:46:09,0:00:04,7410001844803521824,
9/3/24,4:46:13,0:00:31,7385422622382705962,
9/3/24,4:46:44,0:00:02,7394987864251223342,
9/3/24,4:46:46,0:00:13,7409403165012921631,
9/3/24,4:46:59,0:00:08,7408980825913576747,
9/3/24,4:47:07,0:00:07,7410127283270290734,
9/3/24,4:47:14,0:00:04,7408066973222915371,
9/3/24,4:47:18,0:00:17,7406468771898035487,
9/3/24,4:47:35,0:00:13,7398234263088287008,
9/3/24,4:47:48,0:00:10,7401587657865825569,
9/3/24,4:47:58,0:00:11,7408707112605404434,
9/3/24,4:48:09,0:00:12,7409773711387086110,
9/3/24,4:48:21,0:00:03,7408134335036935441,
9/3/24,4:48:24,0:00:12,7409067447384313106,
9/3/24,4:48:36,0:00:05,7409486691473411358,
9/3/24,4:48:41,0:00:16,7408227199393778960,
9/3/24,4:48:57,0:00:01,7409048366870514974,
9/3/24,4:48:58,0:00:10,7390861576032488736,
9/3/24,4:49:08,0:00:19,7403922315903356190,
9/3/24,4:49:27,0:00:07,7409157474185530654,
9/3/24,4:49:34,0:00:16,7407131321333566751,
9/3/24,4:49:50,0:00:01,7386669622415723792,
9/3/24,4:49:51,0:00:14,7402786474531441966,
9/3/24,4:50:05,0:00:02,7410256907358719263,
9/3/24,4:50:07,0:00:33,7384081007844150570,
9/3/24,4:50:40,0:00:08,7409393288035388718,
9/3/24,4:50:48,0:00:06,7408357253851516193,
9/3/24,4:50:54,0:00:03,7409507852584242474,
9/3/24,4:50:57,0:00:11,7409619406587710753,
9/3/24,4:51:08,0:00:10,7408320448951307550,
9/3/24,4:51:18,0:00:01,7409033741273746704,
9/3/24,4:51:19,0:00:01,7409511995201965354,
9/3/24,4:51:20,0:00:02,7409758046554983726,
9/3/24,4:51:22,0:00:15,7407688383662787882,
9/3/24,4:51:37,0:00:12,7408962498755431726,
9/3/24,4:51:49,0:00:35,7408673276509162782,
9/3/24,4:52:24,0:00:25,7407872086263303455,
9/3/24,4:52:49,0:00:24,7409118221556534571,
9/3/24,4:53:13,1:30:08,7399957902666059009,
9/3/24,6:23:21,0:00:00,7403459433147157792,
9/3/24,6:23:21,0:00:01,7403414382182534431,
9/3/24,6:23:22,0:00:09,7394503663332494625,
9/3/24,6:23:31,0:00:26,7403038121475968287,
9/3/24,6:23:57,0:00:01,7407824384993266990,
9/3/24,6:23:58,0:00:04,7403883147831594286,
9/3/24,6:24:02,0:00:24,7408961627606846753,
9/3/24,6:24:26,0:00:09,7406432457228094766,
9/3/24,6:24:35,0:00:18,7409510683022232837,
9/3/24,6:24:53,0:00:08,7409364788893060383,
9/3/24,6:25:01,0:00:11,7392035457757908254,
9/3/24,6:25:12,0:00:16,7405400709534911774,
9/3/24,6:25:28,0:00:13,7408777809008643359,
9/3/24,6:25:41,0:00:08,7410208651241065759,
9/3/24,6:25:49,0:00:09,7399717243594034463,
9/3/24,6:25:58,0:00:18,7409395374533725486,
9/3/24,6:26:16,0:00:37,7409373887286349102,
9/3/24,6:26:53,0:00:02,7356312588826791211,
9/3/24,6:26:55,0:00:29,7409289568639339784,
9/3/24,6:27:24,0:00:06,7410265841918561582,
9/3/24,6:27:30,0:00:27,7406473797815029034,
9/3/24,6:27:57,0:00:23,7386418308498738475,
9/3/24,6:28:20,0:00:04,7409355362584808734,
9/3/24,6:28:24,0:00:16,7400226690892320043,
9/3/24,6:28:40,0:00:23,7405954441494514986,
9/3/24,6:29:03,0:00:00,7377130591961074986,
9/3/24,6:29:03,0:00:08,7408925530344508689,
9/3/24,6:29:11,0:00:03,7410009491942690094,
9/3/24,6:29:14,0:00:04,7408541253366779178,
9/3/24,6:29:18,0:01:52,7406156085863664903,
9/3/24,6:31:10,0:00:06,7410040413161098542,
9/3/24,6:31:16,0:00:15,7404665420797627694,
9/3/24,6:31:31,0:00:10,7406935587678063903,
9/3/24,6:31:41,0:00:16,7409752973695356190,
9/3/24,6:31:57,0:00:02,7402362567554829598,
9/3/24,6:31:59,0:00:20,7410067310163053866,
9/3/24,6:32:19,0:00:05,7398219122942790945,
9/3/24,6:32:24,0:00:10,7382650975011556650,
9/3/24,6:32:34,0:00:01,7407882922855763231,
9/3/24,6:32:35,0:00:11,7409706983261015328,
9/3/24,6:32:46,0:00:20,7406473954103201066,
9/3/24,6:33:06,0:00:05,7404381142666792198,
9/3/24,6:33:11,0:00:01,7390102494371728686,
9/3/24,6:33:12,0:00:03,7404384552258489631,
9/3/24,6:33:15,0:00:12,7409691447521266990,
9/3/24,6:33:27,0:00:02,7407177827495300382,
9/3/24,6:33:29,0:00:09,7401223776664341803,
9/3/24,6:33:38,0:00:04,7410110681401281823,
9/3/24,6:33:42,0:00:11,7384542455284174122,
9/3/24,6:33:53,0:00:06,7408991624396590366,
9/3/24,6:33:59,0:00:10,7407494373719559467,
9/3/24,6:34:09,0:00:10,7409357471325719850,
9/3/24,6:34:19,0:00:01,7402336097486884097,
9/3/24,6:34:20,0:00:25,7409768841066106143,
9/3/24,6:34:45,0:00:18,7410125560845798686,
9/3/24,6:35:03,0:00:10,7408983306592718122,
9/3/24,6:35:13,0:00:06,7404931970326596910,
9/3/24,6:35:19,0:00:14,7410060487498468641,
9/3/24,6:35:33,0:00:04,7409346912677236014,
9/3/24,6:35:37,0:00:02,7410271808571641119,
9/3/24,6:35:39,0:00:10,7409451599422278958,
9/3/24,6:35:49,0:00:01,7403349367987391775,
9/3/24,6:35:50,0:00:02,7409796755908332833,
9/3/24,6:35:52,16:00:56,7405715033327521055,
9/3/24,22:36:48,0:00:06,7390172446416047403,
9/3/24,22:36:54,0:00:11,7410492262590729515,
9/3/24,22:37:05,0:00:05,7410299256474570026,
9/3/24,22:37:10,0:00:01,7407292485220830481,
9/3/24,22:37:11,0:00:20,7405739270901599531,
9/3/24,22:37:31,0:00:11,7409878011383713066,
9/3/24,22:37:42,0:00:45,7410523490551336234,
9/3/24,22:38:27,0:00:03,7409289716845006081,
9/3/24,22:38:30,0:00:26,7402288931573714208,
9/3/24,22:38:56,0:12:47,7409925434990660895,
9/3/24,22:51:43,0:01:48,7410083603339545898,
9/3/24,22:53:31,0:00:01,7406032339932810513,
9/3/24,22:53:32,0:00:03,7409883731957255455,
9/3/24,22:53:35,0:00:13,7409450995891129630,
9/3/24,22:53:48,0:00:20,7410483596571495711,
9/3/24,22:54:08,0:00:11,7409716585025244448,
9/3/24,22:54:19,0:00:04,7410062127513259294,
9/3/24,22:54:23,0:00:01,7384161870745324817,
9/3/24,22:54:24,0:00:46,7410221185012600094,
9/3/24,22:55:10,0:00:12,7410132451588197638,
9/3/24,22:55:22,0:00:03,7408226945122503982,
9/3/24,22:55:25,0:00:08,7410120099199307050,
9/3/24,22:55:33,0:00:05,7409749030894406942,
9/3/24,22:55:38,0:00:01,7407984574271196432,
9/3/24,22:55:39,0:00:33,7410163254460222750,
9/3/24,22:56:12,0:11:45,7409479956566281518,
9/3/24,23:07:57,0:00:21,7409013390288358702,
9/3/24,23:08:18,0:00:27,7409825190521359662,
9/3/24,23:08:45,0:00:05,7406540486669896990,
9/3/24,23:08:50,0:00:00,7407146411470458154,
9/3/24,23:08:50,0:00:05,7400051002663128337,
9/3/24,23:08:55,0:00:20,7409851258821086510,
9/3/24,23:09:15,0:00:16,7410061118581919019,
9/3/24,23:09:31,0:00:11,7409848416869600518,
9/3/24,23:09:42,0:00:01,7390043632105049361,
9/3/24,23:09:43,0:00:06,7407076618927181102,
9/3/24,23:09:49,0:01:06,7409886976171691294,
9/3/24,23:10:55,0:00:04,7410166244243967263,
9/3/24,23:10:59,0:00:07,7409688450053573931,
9/3/24,23:11:06,0:00:03,7399998123491200288,
9/3/24,23:11:09,0:00:01,7395401366417542430,
9/3/24,23:11:10,0:00:05,7410455336450100510,
9/3/24,23:11:15,0:00:16,7410272576158698795,
9/3/24,23:11:31,0:00:03,7407137846760459551,
9/3/24,23:11:34,0:00:05,7409884853061127454,
9/3/24,23:11:39,0:00:20,7399459336923122975,
9/3/24,23:11:59,0:00:01,7407542446877445392,
9/3/24,23:12:00,0:00:06,7406363347563695406,
9/3/24,23:12:06,0:24:37,7407774384045231392,
9/3/24,23:36:43,0:00:04,7403424949257473310,
9/3/24,23:36:47,0:00:25,7409758352835775790,
9/3/24,23:37:12,0:00:15,7406895880764165418,
9/3/24,23:37:27,0:00:02,7296853597361327403,
9/3/24,23:37:29,0:00:10,7402901786773998881,
9/3/24,23:37:39,0:00:28,7410159065818615082,
9/3/24,23:38:07,0:00:21,7404400919372107016,
9/3/24,23:38:28,0:00:04,7398529249990249760,
9/3/24,23:38:32,0:00:07,7405591730210213151,
9/3/24,23:38:39,0:00:01,7408594801991404801,
9/3/24,23:38:40,0:00:04,7404961303942417706,
9/3/24,23:38:44,0:00:02,7408222446165282078,
9/3/24,23:38:46,0:00:08,7409477525010648351,
9/3/24,23:38:54,0:00:12,7410115385095146784,
9/3/24,23:39:06,,7410239067205405983,
9/4/24,2:59:11,0:00:17,7409663979859103009,
9/4/24,2:59:28,0:00:04,7409270009169562912,
9/4/24,2:59:32,0:00:13,7409385777366404398,
9/4/24,2:59:45,0:00:02,7407292492623695121,
9/4/24,2:59:47,0:00:10,7407527700023250219,
9/4/24,2:59:57,0:00:04,7410550553169644843,
9/4/24,3:00:01,0:00:04,7387835622225988880,
9/4/24,3:00:05,0:00:29,7410394858424110368,
9/4/24,3:00:34,0:00:19,7400868061353430305,
9/4/24,3:00:53,0:00:12,7408367471528348934,
9/4/24,3:01:05,0:00:03,7379596728015621418,
9/4/24,3:01:08,0:00:09,7408724133669883166,
9/4/24,3:01:17,0:00:09,7407400945325329697,
9/4/24,3:01:26,0:00:07,7408603088010890542,
9/4/24,3:01:33,0:00:15,7394616252255178015,
9/4/24,3:01:48,0:00:02,7410581506634157354,
9/4/24,3:01:50,0:00:04,7410518813021637930,
9/4/24,3:01:54,0:00:03,7408721907803114798,
9/4/24,3:01:57,0:00:24,7410446580370705707,
9/4/24,3:02:21,0:00:01,7408643996739800336,
9/4/24,3:02:22,0:00:27,7409130905102503174,
9/4/24,3:02:49,0:00:10,7381281396607749407,
9/4/24,3:02:59,0:00:03,7410282552939842846,
9/4/24,3:03:02,0:00:02,7410349580413373727,
9/4/24,3:03:04,0:00:06,7409880200105790762,
9/4/24,3:03:10,0:00:09,7410104074315730222,
9/4/24,3:03:19,0:00:02,7410535018461777194,
9/4/24,3:03:21,0:00:01,7409052490773138689,
9/4/24,3:03:22,0:01:13,7408586699959258401,
9/4/24,3:04:35,0:00:01,7410611334003412267,
9/4/24,3:04:36,0:00:01,7400870815325015313,
9/4/24,3:04:37,0:00:17,7410115651144125729,
9/4/24,3:04:54,0:00:08,7410225913377377566,
9/4/24,3:05:02,0:00:01,7407984574271196432,
9/4/24,3:05:03,0:00:26,7409273866700246305,
9/4/24,3:05:29,0:00:24,7406086642315922731,
9/4/24,3:05:53,0:00:00,7410192266645490975,
9/4/24,3:05:53,0:00:03,7397470383554694401,
9/4/24,3:05:56,0:00:01,7409521929448738081,
9/4/24,3:05:57,0:00:02,7409838427031555329,
9/4/24,3:05:59,0:00:01,7410614160528051498,
9/4/24,3:06:00,0:00:03,7408498559387012368,
9/4/24,3:06:03,0:00:01,7406460033531219216,
9/4/24,3:06:04,0:00:46,7410407396826271008,
9/4/24,3:06:50,0:00:14,7408534855165709601,
9/4/24,3:07:04,0:00:03,7382291803980041489,
9/4/24,3:07:07,0:00:12,7409352185923816746,
9/4/24,3:07:19,0:00:09,7409348508915928350,
9/4/24,3:07:28,0:00:10,7410226583748840746,
9/4/24,3:07:38,0:00:06,7409683535604321569,
9/4/24,3:07:44,0:00:03,7409373218701708577,
9/4/24,3:07:47,0:00:19,7410436751824637215,
9/4/24,3:08:06,0:00:06,7408614923271458091,
9/4/24,3:08:12,0:00:11,7410030026936028446,
9/4/24,3:08:23,0:00:08,7400450364786380050,
9/4/24,3:08:31,0:00:01,7408636933125000491,
9/4/24,3:08:32,0:00:09,7391876069302766878,
9/4/24,3:08:41,0:00:12,7391240802153811230,
9/4/24,3:08:53,0:00:13,7409131888595471646,
9/4/24,3:09:06,0:00:07,7409364156517731616,
9/4/24,3:09:13,0:26:53,7409708352822955295,
9/4/24,3:36:06,0:00:11,7410226637431655711,
9/4/24,3:36:17,0:00:12,7410556463656996126,
9/4/24,3:36:29,0:00:07,7410077517362711854,
9/4/24,3:36:36,0:00:32,7408967920514125062,
9/4/24,3:37:08,0:00:14,7410139935707073823,
9/4/24,3:37:22,0:00:29,7410269769020099883,
9/4/24,3:37:51,0:00:02,7409426312240172330,
9/4/24,3:37:53,0:00:09,7410018069583564064,
9/4/24,3:38:02,0:00:23,7399369581762039072,
9/4/24,3:38:25,0:00:01,7374807881079786798,
9/4/24,3:38:26,0:00:18,7410183503544896775,
9/4/24,3:38:44,0:00:02,7403878129934077215,
9/4/24,3:38:46,0:00:11,7407605502684826923,
9/4/24,3:38:57,0:00:09,7408718089228946718,
9/4/24,3:39:06,0:00:15,7410097575145131297,
9/4/24,3:39:21,0:00:01,7408925535708925201,
9/4/24,3:39:22,0:00:07,7410111349340032286,
9/4/24,3:39:29,0:00:42,7410468732033633566,
9/4/24,3:40:11,0:00:06,7410124508239088938,
9/4/24,3:40:17,0:00:12,7406737938903600427,
9/4/24,3:40:29,0:00:36,7406378668135664928,
9/4/24,3:41:05,0:00:23,7409731003054427438,
9/4/24,3:41:28,0:00:04,7409768204123376939,
9/4/24,3:41:32,0:00:28,7410613568707611947,
9/4/24,3:42:00,0:00:01,7400870809071389968,
9/4/24,3:42:01,0:00:11,7410157753781767470,
9/4/24,3:42:12,0:00:16,7409054099318132000,
9/4/24,3:42:28,0:00:11,7383912088273472814,
9/4/24,3:42:39,0:00:14,7408852757643398446,
9/4/24,3:42:53,0:00:48,7402584575093918994,
9/4/24,3:43:41,0:00:05,7408201262702939424,
9/4/24,3:43:46,0:00:01,7405195864219618603,
9/4/24,3:43:47,0:00:18,7409384490352708910,
9/4/24,3:44:05,0:00:01,7409031012761537835,
9/4/24,3:44:06,0:00:07,7409075598334758174,
9/4/24,3:44:13,0:00:03,7404330114240007454,
9/4/24,3:44:16,0:00:05,7409944017678404895,
9/4/24,3:44:21,0:00:08,7409791069455453482,
9/4/24,3:44:29,1:50:13,7410440699088293163,
9/4/24,5:34:42,0:00:02,7403767302899928326,
9/4/24,5:34:44,0:00:12,7390077815745531169,
9/4/24,5:34:56,0:00:10,7405259386987269407,
9/4/24,5:35:06,0:00:00,7405720267722476830,
9/4/24,5:35:06,0:00:30,7397163329464093969,
9/4/24,5:35:36,0:00:12,7403458522710576416,
9/4/24,5:35:48,0:00:11,7410461745166159135,
9/4/24,5:35:59,0:01:09,7409679484846230817,
9/4/24,5:37:08,0:01:29,7410607290648136991,
9/4/24,5:38:37,0:00:05,7410609062347394310,
9/4/24,5:38:42,0:00:00,7381617170901650734,
9/4/24,5:38:42,0:00:26,7391892066441153823,
9/4/24,5:39:08,0:00:38,7407064477478178080,
9/4/24,5:39:46,0:00:09,7409779801206230318,
9/4/24,5:39:55,0:00:13,7378436722591337746,
9/4/24,5:40:08,0:00:16,7409904069449469190,
9/4/24,5:40:24,0:00:02,7410511760781905198,
9/4/24,5:40:26,0:00:15,7410212593995926815,
9/4/24,5:40:41,0:00:02,7397507501312249104,
9/4/24,5:40:43,0:00:05,7403812102466473247,
9/4/24,5:40:48,0:00:32,7399744032248761632,
9/4/24,5:41:20,0:00:16,7410127622027382048,
9/4/24,5:41:36,0:00:00,7410606303057415466,
9/4/24,5:41:36,0:00:26,7410217487624572191,
9/4/24,5:42:02,0:00:14,7410637990676139310,
9/4/24,5:42:16,0:00:01,7407542446877445392,
9/4/24,5:42:17,0:00:08,7402117850145541392,
9/4/24,5:42:25,0:00:16,7408603457445203233,
9/4/24,5:42:41,0:00:12,7380348377206164766,
9/4/24,5:42:53,0:00:12,7410509331420040491,
9/4/24,5:43:05,0:00:05,7391684727201139999,
9/4/24,5:43:10,0:00:05,7409986065395731730,
9/4/24,5:43:15,0:00:38,7410610820238888222,
9/4/24,5:43:53,0:00:01,7353763325118795050,
9/4/24,5:43:54,0:00:03,7400634888023510302,
9/4/24,5:43:57,0:00:09,7409804862365420833,
9/4/24,5:44:06,0:00:08,7410615153709911327,
9/4/24,5:44:14,0:00:06,7410187209241791775,
9/4/24,5:44:20,0:00:07,7407128962712980782,
9/4/24,5:44:27,0:00:02,7409312914714135840,
9/4/24,5:44:29,0:00:01,7409034298474450177,
9/4/24,5:44:30,0:00:28,7406472037813718315,
9/4/24,5:44:58,0:00:08,7408682111504305438,
9/4/24,5:45:06,0:00:02,7408268417964215582,
9/4/24,5:45:08,0:00:02,7410607901749939461,
9/4/24,5:45:10,0:00:17,7400249352242973994,
9/4/24,5:45:27,0:00:06,7406781702355406123,
9/4/24,5:45:33,0:00:02,7400205156102458640,
9/4/24,5:45:35,0:00:07,7395658055398018312,
9/4/24,5:45:42,0:00:07,7377490069881408810,
9/4/24,5:45:49,0:00:22,7394601251293465861,
9/4/24,5:46:11,0:00:10,7410607481577082155,
9/4/24,5:46:21,0:00:02,7410582668737563950,
9/4/24,5:46:23,0:00:10,7409377043399429418,
9/4/24,5:46:33,0:00:14,7410445436579810591,
9/4/24,5:46:47,0:00:01,7407810558746955009,
9/4/24,5:46:48,0:00:13,7381746835293195566,
9/4/24,5:47:01,0:00:08,7407819967199972639,
9/4/24,5:47:09,0:00:46,7410605422484262175,
9/4/24,5:47:55,0:00:08,7399711889778838830,
9/4/24,5:48:03,0:00:02,7410590484688571691,
9/4/24,5:48:05,10:28:04,7408262903138176288,
9/4/24,16:16:09,0:00:03,7408628596232817937,
9/4/24,16:16:12,0:02:08,7410764809911700766,
9/4/24,16:18:20,0:00:09,7410772926250847534,
9/4/24,16:18:29,0:00:02,7410768039131516190,
9/4/24,16:18:31,0:00:01,7402336113706224897,
9/4/24,16:18:32,0:00:40,7409946159373978910,
9/4/24,16:19:12,0:00:24,7401165502002842926,
9/4/24,16:19:36,0:01:02,7410452540279622958,
9/4/24,16:20:38,0:01:19,7410620391162383647,
9/4/24,16:21:57,0:00:22,7410617150009871658,
9/4/24,16:22:19,0:00:27,7409797968745729311,
9/4/24,16:22:46,0:00:02,7408925525340818704,
9/4/24,16:22:48,0:00:26,7410765235579014430,
9/4/24,16:23:14,0:01:33,7408442679111109934,
9/4/24,16:24:47,0:00:11,7410772918554184991,
9/4/24,16:24:58,0:00:27,7404249122540145950,
9/4/24,16:25:25,0:00:04,7395624191132765457,
9/4/24,16:25:29,0:00:29,7406460910585302314,
9/4/24,16:25:58,0:00:08,7410819643192937771,
9/4/24,16:26:06,0:00:18,7410629039502707974,
9/4/24,16:26:24,0:00:55,7410101205692714286,
9/4/24,16:27:19,0:00:30,7407172772318760234,
9/4/24,16:27:49,4:38:11,7410218968746675499,
9/4/24,21:06:00,0:00:02,7410481504750439723,
9/4/24,21:06:02,0:00:12,7410543336425098527,
9/4/24,21:06:14,0:00:13,7410262910167076142,
9/4/24,21:06:27,0:00:01,7408704226420985118,
9/4/24,21:06:28,0:00:19,7410793671492209951,
9/4/24,21:06:47,0:00:36,7410791913663515935,
9/4/24,21:07:23,0:00:35,7410634069341424926,
9/4/24,21:07:58,0:00:05,7402327297275022622,
9/4/24,21:08:03,0:00:06,7409505423394475297,
9/4/24,21:08:09,0:00:14,7409846808144383262,
9/4/24,21:08:23,0:00:24,7410827072974638367,
9/4/24,21:08:47,0:00:02,7400205152394726673,
9/4/24,21:08:49,0:00:09,7410189214760914207,
9/4/24,21:08:58,0:00:12,7407676960807144735,
9/4/24,21:09:10,0:00:01,7407985770125954305,
9/4/24,21:09:11,0:00:08,7410525347084586282,
9/4/24,21:09:19,0:00:16,7406447680802622762,
9/4/24,21:09:35,0:00:01,7384537873107717393,
9/4/24,21:09:36,0:00:08,7404655922208902430,
9/4/24,21:09:44,0:00:45,7410612640302599430,
9/4/24,21:10:29,0:00:09,7407866138840796462,
9/4/24,21:10:38,0:00:01,7400051002663128337,
9/4/24,21:10:39,0:00:02,7408559956867173675,
9/4/24,21:10:41,0:00:08,7404342109278457119,
9/4/24,21:10:49,0:00:02,7410551126975860014,
9/4/24,21:10:51,0:00:05,7403849173075905823,
9/4/24,21:10:56,0:00:43,7409684336502459679,
9/4/24,21:11:39,0:00:01,7397010331509198111,
9/4/24,21:11:40,0:00:25,7407649085995437342,
9/4/24,21:12:05,0:00:03,7410413072348663058,
9/4/24,21:12:08,0:00:12,7410896006218288430,
9/4/24,21:12:20,0:00:06,7409993852540488992,
9/4/24,21:12:26,0:00:02,7409824685065751854,
9/4/24,21:12:28,0:00:39,7410811352387833118,
9/4/24,21:13:07,0:00:00,7409803460108897542,
9/4/24,21:13:07,0:00:05,7405283180435033361,
9/4/24,21:13:12,0:00:08,7410585777614146822,
9/4/24,21:13:20,0:00:11,7410882475158752558,
9/4/24,21:13:31,0:00:11,7408974953602747694,
9/4/24,21:13:42,0:00:08,7410764426585869599,
9/4/24,21:13:50,0:00:01,7408155449662410000,
9/4/24,21:13:51,0:00:07,7410436437985840414,
9/4/24,21:13:58,0:00:06,7410551024953363743,
9/4/24,21:14:04,0:00:15,7410783166140665118,
9/4/24,21:14:19,0:00:01,7410863272167001375,
9/4/24,21:14:20,0:00:01,7406395268435954961,
9/4/24,21:14:21,0:00:14,7410588766848421162,
9/4/24,21:14:35,0:00:07,7410573579852500255,
9/4/24,21:14:42,0:00:03,7409686560603491590,
9/4/24,21:14:45,0:00:20,7410437879844900129,
9/4/24,21:15:05,0:00:04,7408197731967061278,
9/4/24,21:15:09,0:00:00,7408769836903386414,
9/4/24,21:15:09,0:00:03,7407910705032170768,
9/4/24,21:15:12,0:00:13,7410613936564800810,
9/4/24,21:15:25,0:00:12,7389031061826587934,
9/4/24,21:15:37,0:00:01,7405948620484201758,
9/4/24,21:15:38,0:00:24,7410198480980839726,
9/4/24,21:16:02,0:00:05,7410498825061780782,
9/4/24,21:16:07,0:00:01,7397507500855004417,
9/4/24,21:16:08,0:00:04,7410188347001392417,
9/4/24,21:16:12,0:00:04,7408970982662098206,
9/4/24,21:16:16,0:00:02,7410436272398863649,
9/4/24,21:16:18,0:00:06,7410264108748033310,
9/4/24,21:16:24,0:00:10,7410196154341952814,
9/4/24,21:16:34,0:00:00,7409554556457078049,
9/4/24,21:16:34,0:00:59,7404996996479634704,
9/4/24,21:17:33,0:00:14,7410106535398968606,
9/4/24,21:17:47,0:00:02,7410603990859271466,
9/4/24,21:17:49,0:00:01,7409787648891538718,
9/4/24,21:17:50,0:00:01,7410671129649581342,
9/4/24,21:17:51,0:00:01,7384500662744157456,
9/4/24,21:17:52,0:00:02,7404485628697611553,
9/4/24,21:17:54,0:00:01,7410631648204688645,
9/4/24,21:17:55,0:00:12,7352716936385465631,
9/4/24,21:18:07,0:00:06,7401596345569561886,
9/4/24,21:18:13,0:00:12,7410614367735139614,
9/4/24,21:18:25,0:00:10,7410873213070380334,
9/4/24,21:18:35,0:00:01,7358888835935161616,
9/4/24,21:18:36,0:26:38,7410216698827115819,
9/4/24,21:45:14,0:00:04,7410523795062066463,
9/4/24,21:45:18,0:00:08,7409845975629483295,
9/4/24,21:45:26,0:00:30,7410486143038262571,
9/4/24,21:45:56,0:02:13,7410821481896185121,
9/4/24,21:48:09,0:00:04,7405040673130433822,
9/4/24,21:48:13,0:00:04,7406464521025473838,
9/4/24,21:48:17,0:00:09,7410881575749127470,
9/4/24,21:48:26,0:00:11,7390526077745024286,
9/4/24,21:48:37,0:00:06,7410179679233051936,
9/4/24,21:48:43,0:00:04,7410018691204533537,
9/4/24,21:48:47,0:00:02,7410608656443559211,
9/4/24,21:48:49,0:00:19,7410147490504150315,
9/4/24,21:49:08,0:00:04,7410182592747621663,
9/4/24,21:49:12,0:02:04,7398584208219852062,
9/4/24,21:51:16,0:00:01,7410619264907955499,
9/4/24,21:51:17,0:00:14,7410903948581670187,
9/4/24,21:51:31,0:00:06,7410526871957392686,
9/4/24,21:51:37,0:28:34,7409842550342700306,
9/4/24,22:20:11,0:01:02,7410060890231344427,
9/4/24,22:21:13,0:00:25,7409345942412905760,
9/4/24,22:21:38,0:00:01,7408627973290544427,
9/4/24,22:21:39,0:00:10,7409010837391674667,
9/4/24,22:21:49,0:00:50,7410500310642199838,
9/4/24,22:22:39,0:00:10,7410073337646320928,
9/4/24,22:22:49,0:00:03,7406496727521348906,
9/4/24,22:22:52,0:00:01,7403112805055860001,
9/4/24,22:22:53,0:00:13,7404960318859791646,
9/4/24,22:23:06,0:00:01,7409695213947686190,
9/4/24,22:23:07,0:00:07,7409558872190422305,
9/4/24,22:23:14,0:00:05,7410856598987410730,
9/4/24,22:23:19,0:00:48,7410522725308992801,
9/4/24,22:24:07,0:00:32,7410408643885092129,
9/4/24,22:24:39,0:00:01,7384828825688870160,
9/4/24,22:24:40,0:00:08,7410604370498227498,
9/4/24,22:24:48,0:00:20,7410808343826156831,
9/4/24,22:25:08,0:00:27,7410592003194391838,
9/4/24,22:25:35,0:00:07,7410484806774967584,
9/4/24,22:25:42,0:00:01,7403108415762861328,
9/4/24,22:25:43,0:00:06,7409791707929234721,
9/4/24,22:25:49,0:01:11,7407454594348911914,
9/4/24,22:27:00,0:00:09,7401568523526376737,
9/4/24,22:27:09,0:00:54,7409848936652885290,
9/4/24,22:28:03,0:00:01,7406025491167202602,
9/4/24,22:28:04,0:00:01,7407910704629501201,
9/4/24,22:28:05,0:00:01,7407473869004573984,
9/4/24,22:28:06,0:00:10,7401511758826851617,
9/4/24,22:28:16,0:00:05,7406048716668292382,
9/4/24,22:28:21,0:00:35,7410184232095517958,
9/4/24,22:28:56,0:00:05,7405698434205764907,
9/4/24,22:29:01,0:00:01,7408594801991404801,
9/4/24,22:29:02,0:00:01,7405996154460048671,
9/4/24,22:29:03,0:00:16,7381628437095583019,
9/4/24,22:29:19,0:00:09,7401852356326919456,
9/4/24,22:29:28,0:00:27,7410452899198749982,
9/4/24,22:29:55,0:00:21,7407029771852451104,
9/4/24,22:30:16,0:00:01,7403390739297701137,
9/4/24,22:30:17,0:01:00,7395221837308890401,
9/4/24,22:31:17,0:27:57,7404660525868617003,
9/4/24,22:59:14,,7410825027693628714,
9/5/24,0:06:01,0:00:47,7410825027693628714,
9/5/24,0:06:48,0:00:07,7404660525868617003,
9/5/24,0:06:55,0:00:23,7410189154694384942,
9/5/24,0:07:18,0:00:23,7410849514694708511,
9/5/24,0:07:41,0:00:03,7392164548612082977,
9/5/24,0:07:44,0:00:00,7407370442094218528,
9/5/24,0:07:44,0:00:05,7394482076025736465,
9/5/24,0:07:49,0:00:23,7410209804448468270,
9/5/24,0:08:12,0:00:18,7410813637583129902,
9/5/24,0:08:30,0:00:49,7410629759287315758,
9/5/24,0:09:19,0:00:08,7410938061292457259,
9/5/24,0:09:27,0:00:33,7410802426795642155,
9/5/24,0:10:00,0:00:08,7410843729092709674,
9/5/24,0:10:08,0:00:01,7380561979095780624,
9/5/24,0:10:09,0:01:09,7410801829430201643,
9/5/24,0:11:18,0:00:58,7410874349131009326,
9/5/24,0:12:16,0:00:07,7410454816398282014,
9/5/24,0:12:23,0:00:04,7410458758461230382,
9/5/24,0:12:27,0:01:01,7409346647572073774,
9/5/24,0:13:28,0:00:02,7399999145630551304,
9/5/24,0:13:30,0:00:18,7409059794268491013,
9/5/24,0:13:48,0:00:01,7406418720517590288,
9/5/24,0:13:49,0:00:19,7410412593300409632,
9/5/24,0:14:08,0:00:49,7380790583968861486,
9/5/24,0:14:57,0:00:10,7409712590290472238,
9/5/24,0:15:07,0:00:20,7410560238094454046,
9/5/24,0:15:27,0:00:21,7396377172291702046,
9/5/24,0:15:48,0:00:03,7409579057622371615,
9/5/24,0:15:51,0:00:12,7408903481391713567,
9/5/24,0:16:03,0:00:01,7376293444408315178,
9/5/24,0:16:04,0:00:12,7404154724674473258,
9/5/24,0:16:16,0:00:07,7410556898421787947,
9/5/24,0:16:23,0:00:58,7410612920226204958,
9/5/24,0:17:21,0:01:21,7407533556555124011,
9/5/24,0:18:42,0:00:07,7410767734428028202,
9/5/24,0:18:49,0:00:07,7410794596063546630,
9/5/24,0:18:56,0:00:35,7381665788609973535,
9/5/24,0:19:31,0:00:01,7382643738562039086,
9/5/24,0:19:32,0:00:11,7401917345502924062,
9/5/24,0:19:43,0:00:23,7410610449978281246,
9/5/24,0:20:06,0:00:20,7402622482542349598,
9/5/24,0:20:26,0:00:06,7409977489390374186,
9/5/24,0:20:32,0:00:30,7410587624345177375,
9/5/24,0:21:02,0:00:15,7404235551513136427,
9/5/24,0:21:17,0:00:06,7410940705587088682,
9/5/24,0:21:23,0:00:01,7398308980008766721,
9/5/24,0:21:24,0:00:11,7399162350235864350,
9/5/24,0:21:35,0:00:35,7410552571070369067,
9/5/24,0:22:10,0:00:15,7408997717919157534,
9/5/24,0:22:25,0:00:09,7408877805372476714,
9/5/24,0:22:34,0:00:11,7409728727279586602,
9/5/24,0:22:45,0:00:05,7410118423813819679,
9/5/24,0:22:50,0:08:38,7410597299321113887,
9/5/24,0:31:28,0:00:01,7408562257824681232,
9/5/24,0:31:29,0:00:37,7410821435817512234,
9/5/24,0:32:06,0:00:28,7410494925608979742,
9/5/24,0:32:34,0:00:17,7410855469134122271,
9/5/24,0:32:51,0:00:03,7386908807382781215,
9/5/24,0:32:54,0:00:15,7410079347190680874,
9/5/24,0:33:09,0:00:13,7410222696832732458,
9/5/24,0:33:22,0:00:07,7409262687022042401,
9/5/24,0:33:29,0:00:01,7372240486599298320,
9/5/24,0:33:30,0:00:08,7407188686376275205,
9/5/24,0:33:38,0:00:07,7410623500257479982,
9/5/24,0:33:45,0:00:21,7409542269423881514,
9/5/24,0:34:06,0:00:01,7410871824294153503,
9/5/24,0:34:07,0:00:54,7407592832682200362,
9/5/24,0:35:01,0:00:01,7409385710861585710,
9/5/24,0:35:02,0:00:08,7409600012771921185,
9/5/24,0:35:10,0:00:01,7405651675387530513,
9/5/24,0:35:11,0:00:08,7410175403987389726,
9/5/24,0:35:19,0:00:03,7410947415693331743,
9/5/24,0:35:22,0:00:01,7410781239658941739,
9/5/24,0:35:23,0:00:11,7409363969279905054,
9/5/24,0:35:34,0:00:11,7410422611718589727,
9/5/24,0:35:45,0:00:22,7410718140226751762,
9/5/24,0:36:07,0:00:10,7395895273349729569,
9/5/24,0:36:17,0:00:06,7406887759740243243,
9/5/24,0:36:23,0:00:01,7397163329464093969,
9/5/24,0:36:24,0:00:07,7382988690089381151,
9/5/24,0:36:31,0:00:17,7409427374258900256,
9/5/24,0:36:48,0:00:25,7410155496340016426,
9/5/24,0:37:13,0:00:08,7404201466652544286,
9/5/24,0:37:21,0:00:10,7400590117397712174,
9/5/24,0:37:31,0:00:06,7410872498734189870,
9/5/24,0:37:37,0:00:12,7408627661561449758,
9/5/24,0:37:49,0:00:05,7409069871109033247,
9/5/24,0:37:54,0:00:00,7410641162928655662,
9/5/24,0:37:54,0:00:26,7371852104845053201,
9/5/24,0:38:20,0:00:18,7408717199097023749,
9/5/24,0:38:38,1:33:00,7398363943401442590,
9/5/24,2:11:38,0:01:20,7404619268257615147,
9/5/24,2:12:58,0:00:05,7409788911532182827,
9/5/24,2:13:03,0:00:16,7393027094717975839,
9/5/24,2:13:19,0:00:08,7410385260652842283,
9/5/24,2:13:27,0:00:17,7408465194281635104,
9/5/24,2:13:44,0:00:02,7408661743917911312,
9/5/24,2:13:46,0:00:08,7389742842953862416,
9/5/24,2:13:54,0:00:07,7408942552193191210,
9/5/24,2:14:01,0:00:56,7409858814989831470,
9/5/24,2:14:57,0:01:33,7402824536263036192,
9/5/24,2:16:30,0:00:07,7410618611879906603,
9/5/24,2:16:37,0:00:01,7400102734155844881,
9/5/24,2:16:38,0:00:13,7410571710790978858,
9/5/24,2:16:51,0:00:30,7403524875844930862,
9/5/24,2:17:21,0:00:12,7410962228175785247,
9/5/24,2:17:33,0:00:24,7410867392085085486,
9/5/24,2:17:57,0:00:10,7409861895001214251,
9/5/24,2:18:07,0:00:16,7409261760680709407,
9/5/24,2:18:23,0:00:22,7410672765197421854,
9/5/24,2:18:45,0:00:01,7400872434556996880,
9/5/24,2:18:46,0:00:07,7410194746033081646,
9/5/24,2:18:53,0:00:19,7410879697082518814,
9/5/24,2:19:12,0:00:10,7408672195133705490,
9/5/24,2:19:22,0:00:14,7410936649158364459,
9/5/24,2:19:36,0:00:20,7410783320851664159,
9/5/24,2:19:56,0:00:06,7403886560455839018,
9/5/24,2:20:02,0:00:27,7410420733257518379,
9/5/24,2:20:29,0:00:14,7401872964255337761,
9/5/24,2:20:43,0:00:06,7410781213218180382,
9/5/24,2:20:49,0:00:07,7404601904371731717,
9/5/24,2:20:56,0:00:04,7409391528709279009,
9/5/24,2:21:00,0:00:11,7406057272746462507,
9/5/24,2:21:11,0:00:01,7410798157342231851,
9/5/24,2:21:12,0:00:05,7405685256319159583,
9/5/24,2:21:17,0:00:04,7390962566316543264,
9/5/24,2:21:21,0:00:07,7408360630572387626,
9/5/24,2:21:28,0:00:03,7402621512206781728,
9/5/24,2:21:31,0:00:01,7410913398952660255,
9/5/24,2:21:32,0:00:12,7400557763019017503,
9/5/24,2:21:44,0:00:15,7410779232458018081,
9/5/24,2:21:59,0:00:29,7401075683553709345,
9/5/24,2:22:28,0:00:02,7406458435329379626,
9/5/24,2:22:30,0:00:23,7403134957154995487,
9/5/24,2:22:53,0:00:03,7410131333617290527,
9/5/24,2:22:56,0:00:12,7410881100102274336,
9/5/24,2:23:08,0:00:02,7409127994905611562,
9/5/24,2:23:10,0:00:13,7410468290117504288,
9/5/24,2:23:23,0:00:05,7410393905222421792,
9/5/24,2:23:28,0:00:10,7402349308055538976,
9/5/24,2:23:38,0:00:00,7408938061805014315,
9/5/24,2:23:38,0:00:05,7405700503931276545,
9/5/24,2:23:43,0:00:01,7405208702942203167,
9/5/24,2:23:44,0:00:05,7409441227180952863,
9/5/24,2:23:49,0:00:23,7409482309528767775,
9/5/24,2:24:12,0:00:01,7405173108119751941,
9/5/24,2:24:13,0:00:05,7410572254821682478,
9/5/24,2:24:18,0:00:08,7410157135436336415,
9/5/24,2:24:26,0:00:01,7397470383554694401,
9/5/24,2:24:27,0:00:11,7408379815436291359,
9/5/24,2:24:38,0:00:09,7393392291198684446,
9/5/24,2:24:47,0:00:03,7388761460937248046,
9/5/24,2:24:50,0:00:01,7404689327667612970,
9/5/24,2:24:51,0:00:01,7410883177415183658,
9/5/24,2:24:52,0:00:07,7410970002116906271,
9/5/24,2:24:59,0:00:06,7409422397322906923,
9/5/24,2:25:05,0:00:01,7405251024136588561,
9/5/24,2:25:06,0:00:01,7409127329173163306,
9/5/24,2:25:07,0:00:13,7410666905805245742,
9/5/24,2:25:20,0:00:09,7410007614937042222,
9/5/24,2:25:29,0:00:04,7407600638164520238,
9/5/24,2:25:33,0:00:01,7378972412680883498,
9/5/24,2:25:34,0:00:14,7382359252113018158,
9/5/24,2:25:48,0:00:07,7408352804143746310,
9/5/24,2:25:55,0:00:05,7403026608602238251,
9/5/24,2:26:00,0:00:13,7410625588701990174,
9/5/24,2:26:13,0:00:01,7407970449679994128,
9/5/24,2:26:14,0:00:07,7410154268013088046,
9/5/24,2:26:21,0:00:44,7397924777438088481,
9/5/24,2:27:05,0:00:17,7410876511735090463,
9/5/24,2:27:22,1:12:16,7410538301293219115,
9/5/24,3:39:38,0:00:29,7356355144805682478,
9/5/24,3:40:07,0:00:24,7407590731084221727,
9/5/24,3:40:31,0:00:38,7409819210798451998,
9/5/24,3:41:09,0:00:02,7396106104654073131,
9/5/24,3:41:11,0:00:15,7410406830536412448,
9/5/24,3:41:26,0:00:07,7408254227211930898,
9/5/24,3:41:33,0:00:07,7409345941762854177,
9/5/24,3:41:40,0:00:10,7410874798290537770,
9/5/24,3:41:50,0:00:01,7408657497864604970,
9/5/24,3:41:51,0:00:29,7410117252122447147,
9/5/24,3:42:20,0:20:15,7410076326364777770,
9/5/24,4:02:35,0:00:16,7410234856174554410,
9/5/24,4:02:51,0:00:03,7406544494339869994,
9/5/24,4:02:54,0:00:01,7409940628475317505,
9/5/24,4:02:55,0:00:50,7409904285904915755,
9/5/24,4:03:45,0:00:12,7410604371613912350,
9/5/24,4:03:57,0:00:06,7383812875946593568,
9/5/24,4:04:03,0:00:02,7408686423647325471,
9/5/24,4:04:05,0:00:13,7395624190939876625,
9/5/24,4:04:18,0:00:02,7409030512288779562,
9/5/24,4:04:20,0:00:29,7410233664656755998,
9/5/24,4:04:49,0:00:17,7410589280403197214,
9/5/24,4:05:06,0:00:09,7410469133021711649,
9/5/24,4:05:15,0:00:01,7384828822933277968,
9/5/24,4:05:16,0:00:53,7410506833674325294,
9/5/24,4:06:09,0:00:08,7410885258880519467,
9/5/24,4:06:17,0:00:06,7381585125563452718,
9/5/24,4:06:23,0:00:06,7410676878257704235,
9/5/24,4:06:29,0:00:01,7397507455825087745,
9/5/24,4:06:30,0:00:24,7410351020347346182,
9/5/24,4:06:54,0:00:02,7237365841996664069,
9/5/24,4:06:56,0:00:20,7410182102332787999,
9/5/24,4:07:16,0:00:19,7410123387739196704,
9/5/24,4:07:35,0:00:21,7410532648373783814,
9/5/24,4:07:56,0:00:07,7409784105774222635,
9/5/24,4:08:03,0:00:08,7410509073487105323,
9/5/24,4:08:11,0:00:19,7410165316086418719,
9/5/24,4:08:30,0:00:02,7409042545998581009,
9/5/24,4:08:32,0:00:09,7410459680645958954,
9/5/24,4:08:41,0:01:05,7410075042303741226,
9/5/24,4:09:46,0:00:06,7403068006936431903,
9/5/24,4:09:52,0:00:11,7410910495827447071,
9/5/24,4:10:03,0:00:04,7409303633717710123,
9/5/24,4:10:07,0:00:01,7387421688478174480,
9/5/24,4:10:08,0:00:02,7408367122402921771,
9/5/24,4:10:10,0:01:01,7410456801004522795,
9/5/24,4:11:11,0:00:07,7410552102918819103,
9/5/24,4:11:18,0:00:09,7409009798668193054,
9/5/24,4:11:27,0:00:06,7406798815803526431,
9/5/24,4:11:33,0:00:01,7387528772976659713,
9/5/24,4:11:34,0:00:06,7406091065184226590,
9/5/24,4:11:40,0:00:08,7406890689625066794,
9/5/24,4:11:48,0:00:46,7407608352601099550,
9/5/24,4:12:34,0:00:03,7405812150385593630,
9/5/24,4:12:37,0:00:01,7403849922300169489,
9/5/24,4:12:38,0:00:04,7404955800189521198,
9/5/24,4:12:42,0:00:07,7410558008519822635,
9/5/24,4:12:49,0:00:22,7410519013530406190,
9/5/24,4:13:11,0:00:19,7410088421366025502,
9/5/24,4:13:30,0:00:09,7406538184944799007,
9/5/24,4:13:39,0:00:01,7410538401511787792,
9/5/24,4:13:40,0:00:22,7405771049406598443,
9/5/24,4:14:02,0:00:04,7410956540250754346,
9/5/24,4:14:06,0:00:11,7408061119090216234,
9/5/24,4:14:17,0:00:00,7407525643992173854,
9/5/24,4:14:17,0:00:04,7403545663188831505,
9/5/24,4:14:21,0:00:04,7387420385731497232,
9/5/24,4:14:25,0:00:09,7410459786103344430,
9/5/24,4:14:34,0:00:15,7383738131012406559,
9/5/24,4:14:49,0:00:39,7407483306045869342,
9/5/24,4:15:28,0:00:04,7406049215794793758,
9/5/24,4:15:32,0:00:01,7395268097575275777,
9/5/24,4:15:33,0:00:03,7404673010189307166,
9/5/24,4:15:36,0:00:10,7399746789026319647,
9/5/24,4:15:46,0:00:51,7385273431782116654,
9/5/24,4:16:37,0:00:02,7403440137914420510,
9/5/24,4:16:39,0:00:11,7398030252372512043,
9/5/24,4:16:50,0:00:01,7400061228929830160,
9/5/24,4:16:51,0:00:14,7396386580472139014,
9/5/24,4:17:05,0:00:03,7379381287255133486,
9/5/24,4:17:08,0:00:05,7409513144822926623,
9/5/24,4:17:13,8:16:11,7384537656291560720,
9/5/24,12:33:24,0:00:11,7408652891361185041,
9/5/24,12:33:35,0:00:12,7390064787800984863,
9/5/24,12:33:47,0:00:16,7410996689168813355,
9/5/24,12:34:03,0:00:18,7410900265731165482,
9/5/24,12:34:21,0:00:13,7410017732567125281,
9/5/24,12:34:34,0:00:18,7410965604351446314,
9/5/24,12:34:52,1:15:32,7402689298161618209,
9/5/24,13:50:24,0:00:03,7409318497685163297,
9/5/24,13:50:27,0:00:04,7410911444335676714,
9/5/24,13:50:31,0:00:04,7409003534865206529,
9/5/24,13:50:35,0:01:08,7410956212688325934,
9/5/24,13:51:43,0:00:14,7410609323107290410,
9/5/24,13:51:57,0:00:06,7410833875837996331,
9/5/24,13:52:03,0:00:05,7407064943960313131,
9/5/24,13:52:08,0:00:01,7403509098727361838,
9/5/24,13:52:09,0:00:04,7406473989431905567,
9/5/24,13:52:13,0:00:07,7410796939006070046,
9/5/24,13:52:20,0:00:03,7410849371408878890,
9/5/24,13:52:23,0:00:02,7405048911016054059,
9/5/24,13:52:25,0:00:01,7382641119663754497,
9/5/24,13:52:26,0:00:02,7406087153060416799,
9/5/24,13:52:28,0:00:20,7411127548911930654,
9/5/24,13:52:48,0:00:04,7409518109041675551,
9/5/24,13:52:52,0:00:19,7410991945041874207,
9/5/24,13:53:11,0:00:01,7400645696950471979,
9/5/24,13:53:12,0:00:07,7410675605508918574,
9/5/24,13:53:19,5:55:55,7408685162440969515,
9/5/24,19:49:14,0:00:04,7408655741369765137,
9/5/24,19:49:18,0:00:46,7411004555418193183,
9/5/24,19:50:04,0:00:14,7411209106066885931,
9/5/24,19:50:18,0:00:09,7410986621668953375,
9/5/24,19:50:27,0:00:01,7400454056948387103,
9/5/24,19:50:28,0:00:52,7410982633649311022,
9/5/24,19:51:20,0:00:14,7410766884179643690,
9/5/24,19:51:34,0:00:01,7411162565692116267,
9/5/24,19:51:35,0:00:03,7411198625327500576,
9/5/24,19:51:38,,7411014958621658410,
9/6/24,4:13:38,0:00:05,7410888653737676078,
9/6/24,4:13:43,0:02:51,7411307014988532998,
9/6/24,4:16:34,0:00:10,7410606716259274030,
9/6/24,4:16:44,0:00:09,7410839797960379680,
9/6/24,4:16:53,0:00:12,7411180918162918686,
9/6/24,4:17:05,0:00:10,7409871872982060318,
9/6/24,4:17:15,0:00:06,7409645516071390497,
9/6/24,4:17:21,0:00:02,7411296065963527454,
9/6/24,4:17:23,0:00:06,7411336692923190558,
9/6/24,4:17:29,0:00:01,7406012934826102058,
9/6/24,4:17:30,0:00:17,7411192376259218734,
9/6/24,4:17:47,0:00:02,7411258679011429663,
9/6/24,4:17:49,0:00:07,7408302016860278062,
9/6/24,4:17:56,0:00:01,7383065589780139280,
9/6/24,4:17:57,0:00:03,7408238767867252011,
9/6/24,4:18:00,0:00:10,7410935933131820330,
9/6/24,4:18:10,0:00:12,7410525395717557547,
9/6/24,4:18:22,0:00:04,7406750657220201758,
9/6/24,4:18:26,0:00:02,7406269054056418576,
9/6/24,4:18:28,0:00:05,7405970546124426526,
9/6/24,4:18:33,0:00:10,7410613408661310763,
9/6/24,4:18:43,0:00:13,7411296476816493854,
9/6/24,4:18:56,0:00:01,7411357215325523246,
9/6/24,4:18:57,0:00:05,7411300602631785774,
9/6/24,4:19:02,0:00:01,7390043632105049361,
9/6/24,4:19:03,0:00:03,7411327258884869418,
9/6/24,4:19:06,0:00:07,7401673860766223646,
9/6/24,4:19:13,0:00:40,7409938950770461995,
9/6/24,4:19:53,0:38:34,7410930078462332203,
9/6/24,4:58:27,0:00:03,7410884565348158750,
9/6/24,4:58:30,0:00:21,7408723526997298433,
9/6/24,4:58:51,0:00:05,7405988608701648159,
9/6/24,4:58:56,0:00:05,7400138887630245151,
9/6/24,4:59:01,0:00:52,7410530364646640939,
9/6/24,4:59:53,0:00:13,7411006561104956715,
9/6/24,5:00:06,0:00:09,7400319175551503623,
9/6/24,5:00:15,0:00:23,7409344415401069866,
9/6/24,5:00:38,0:00:18,7399845459268783403,
9/6/24,5:00:56,0:00:09,7397440694983347498,
9/6/24,5:01:05,0:00:01,7406428776797621520,
9/6/24,5:01:06,0:00:16,7410900412909341995,
9/6/24,5:01:22,0:00:06,7409819192783883563,
9/6/24,5:01:28,0:01:16,7406787867051068677,
9/6/24,5:02:44,0:00:14,7400157136489123114,
9/6/24,5:02:58,0:00:08,7410903621857971499,
9/6/24,5:03:06,0:00:05,7411277123387788587,
9/6/24,5:03:11,0:00:01,7410425006649265424,
9/6/24,5:03:12,0:00:01,7411377351952534827,
9/6/24,5:03:13,0:00:19,7411317867809017118,
9/6/24,5:03:32,0:00:02,7411388195524431147,
9/6/24,5:03:34,0:00:12,7385212900798926088,
9/6/24,5:03:46,0:00:05,7410699233365396779,
9/6/24,5:03:51,0:00:16,7411292230050204970,
9/6/24,5:04:07,0:00:09,7359397823709826346,
9/6/24,5:04:16,0:00:11,7410909832573685023,
9/6/24,5:04:27,0:00:13,7410884162502020383,
9/6/24,5:04:40,0:00:12,7410386400144674078,
9/6/24,5:04:52,0:00:01,7391907803092323600,
9/6/24,5:04:53,0:00:15,7410833223644663072,
9/6/24,5:05:08,0:01:28,7409516106362260741,
9/6/24,5:06:36,0:00:06,7410550961636199726,
9/6/24,5:06:42,0:00:47,7411303986344774958,
9/6/24,5:07:29,0:00:16,7410957786236063022,
9/6/24,5:07:45,0:00:21,7400646496170937632,
9/6/24,5:08:06,0:00:01,7397963656480165151,
9/6/24,5:08:07,0:00:01,7410191790768147742,
9/6/24,5:08:08,0:00:26,7410461149663137056,
9/6/24,5:08:34,0:00:14,7408639551012457761,
9/6/24,5:08:48,0:00:11,7410881704967130414,
9/6/24,5:08:59,0:00:13,7406478576599584043,
9/6/24,5:09:12,0:00:01,7382669642466151697,
9/6/24,5:09:13,0:00:08,7410647015937346849,
9/6/24,5:09:21,0:00:36,7397047341619957035,
9/6/24,5:09:57,0:00:04,7411154864975252767,
9/6/24,5:10:01,0:00:18,7410802730517908782,
9/6/24,5:10:19,0:00:37,7386872545988988191,
9/6/24,5:10:56,0:00:22,7398476911304854816,
9/6/24,5:11:18,0:00:02,7392978396835269889,
9/6/24,5:11:20,0:00:10,7410623749210377514,
9/6/24,5:11:30,0:00:15,7410752676125756680,
9/6/24,5:11:45,0:00:18,7410175305928707370,
9/6/24,5:12:03,0:00:08,7409786078170828063,
9/6/24,5:12:11,0:00:08,7407789373619522849,
9/6/24,5:12:19,0:00:06,7405020546284440874,
9/6/24,5:12:25,0:00:01,7387528772976659713,
9/6/24,5:12:26,0:00:05,7407538293505608990,
9/6/24,5:12:31,0:00:11,7410386402946469163,
9/6/24,5:12:42,0:00:16,7411196173886688542,
9/6/24,5:12:58,0:00:02,7411270350241058091,
9/6/24,5:13:00,0:00:22,7380139166870293803,
9/6/24,5:13:22,0:00:11,7407067644261584159,
9/6/24,5:13:33,0:00:01,7384500661406256385,
9/6/24,5:13:34,0:00:11,7381260264341179694,
9/6/24,5:13:45,0:00:08,7410812705491225886,
9/6/24,5:13:53,0:00:06,7378249234539089185,
9/6/24,5:13:59,0:00:04,7408570776003120427,
9/6/24,5:14:03,0:01:29,7411342202598706463,
9/6/24,5:15:32,0:00:41,7410271986007625006,
9/6/24,5:16:13,0:00:00,7408895427728133393,
9/6/24,5:16:13,0:00:27,7397204505835654401,
9/6/24,5:16:40,0:00:12,7378848714997206289,
9/6/24,5:16:52,0:00:25,7411282268922268974,
9/6/24,5:17:17,0:00:20,7409318527963893034,
9/6/24,5:17:37,0:00:09,7409497748656966942,
9/6/24,5:17:46,0:00:07,7408239386095095083,
9/6/24,5:17:53,0:00:03,7408617148467170576,
9/6/24,5:17:56,0:00:04,7406085530108071211,
9/6/24,5:18:00,0:00:03,7410822031836450090,
9/6/24,5:18:03,0:01:01,7381173989449764127,
9/6/24,5:19:04,0:00:15,7409260009898462497,
9/6/24,5:19:19,0:00:13,7410527117303172385,
9/6/24,5:19:32,0:00:01,7407942869471874334,
9/6/24,5:19:33,0:00:04,7410906030319602974,
9/6/24,5:19:37,0:00:12,7410979673875746078,
9/6/24,5:19:49,0:00:06,7409737935601274143,
9/6/24,5:19:55,0:00:33,7400411113659075845,
9/6/24,5:20:28,0:00:05,7409755380424641822,
9/6/24,5:20:33,0:00:28,7408397425037036843,
9/6/24,5:21:01,0:00:01,7407837205328039184,
9/6/24,5:21:02,0:00:12,7410834124644158750,
9/6/24,5:21:14,0:00:07,7404988258947501342,
9/6/24,5:21:21,0:00:09,7410082328267083039,
9/6/24,5:21:30,0:00:07,7410745937523526919,
9/6/24,5:21:37,0:00:05,7397663762695671070,
9/6/24,5:21:42,0:00:06,7411345884287454495,
9/6/24,5:21:48,0:00:01,7410830338236239121,
9/6/24,5:21:49,0:00:03,7409879887126727966,
9/6/24,5:21:52,0:00:04,7410109420337777953,
9/6/24,5:21:56,0:00:11,7410071373365775646,
9/6/24,5:22:07,0:00:06,7411251946646146350,
9/6/24,5:22:13,0:00:05,7410601471516953887,
9/6/24,5:22:18,0:00:03,7410271077861035297,
9/6/24,5:22:21,0:00:01,7403813679398948113,
9/6/24,5:22:22,0:00:02,7380293224524483847,
9/6/24,5:22:24,0:00:03,7410571606440824094,
9/6/24,5:22:27,0:00:01,7411390527825825067,
9/6/24,5:22:28,0:00:04,7410556929853885726,
9/6/24,5:22:32,0:00:04,7411301207609822506,
9/6/24,5:22:36,0:00:17,7411333354672426286,
9/6/24,5:22:53,0:00:06,7410767038844652831,
9/6/24,5:22:59,0:00:01,7375186682292882730,
9/6/24,5:23:00,0:00:03,7411326710018329898,
9/6/24,5:23:03,0:00:04,7410371414508784927,
9/6/24,5:23:07,0:00:06,7411337179370114350,
9/6/24,5:23:13,0:00:06,7390433372595686686,
9/6/24,5:23:19,0:01:04,7410948964024864043,
9/6/24,5:24:23,0:00:03,7410864979890474245,
9/6/24,5:24:26,0:00:02,7403400435240865040,
9/6/24,5:24:28,0:00:08,7407885374367796522,
9/6/24,5:24:36,0:00:04,7408063782481612074,
9/6/24,5:24:40,0:00:19,7410637283428191519,
9/6/24,5:24:59,0:00:16,7408001232851225887,
9/6/24,5:25:15,0:00:10,7402392926640278814,
9/6/24,5:25:25,0:00:01,7408721907803114798,
9/6/24,5:25:26,0:00:01,7403545663188831505,
9/6/24,5:25:27,0:00:10,7407240714377071915,
9/6/24,5:25:37,0:00:07,7393737849377525024,
9/6/24,5:25:44,0:00:23,7400521813840743711,
9/6/24,5:26:07,0:00:06,7410486742870019335,
9/6/24,5:26:13,0:00:10,7406385750410857758,
9/6/24,5:26:23,0:00:03,7408273897336032558,
9/6/24,5:26:26,0:00:01,7395268097575275777,
9/6/24,5:26:27,0:00:17,7405564683047931166,
9/6/24,5:26:44,0:00:05,7406938087374196014,
9/6/24,5:26:49,0:00:02,7410533633993297194,
9/6/24,5:26:51,0:00:52,7404794649484840200,
9/6/24,5:27:43,0:00:30,7411272303599701278,
9/6/24,5:28:13,0:00:02,7404899141660233003,
9/6/24,5:28:15,0:00:07,7406422100719717662,
9/6/24,5:28:22,0:00:01,7408594801991404801,
9/6/24,5:28:23,0:00:05,7405350609999678766,
9/6/24,5:28:28,0:00:11,7406511138843708702,
9/6/24,5:28:39,0:00:17,7396003339080633605,
9/6/24,5:28:56,0:00:06,7410776027640778026,
9/6/24,5:29:02,0:00:27,7408647432696778030,
9/6/24,5:29:29,0:00:06,7402745216903499051,
9/6/24,5:29:35,0:00:07,7410668947311234346,
9/6/24,5:29:42,0:00:01,7406395277835242769,
9/6/24,5:29:43,0:00:03,7400797425402744080,
9/6/24,5:29:46,16:53:29,7410895525429480746,
9/6/24,22:23:15,0:00:04,7408662261071400193,
9/6/24,22:23:19,0:00:05,7411591727326203179,
9/6/24,22:23:24,0:00:51,7410864695986375967,
9/6/24,22:24:15,0:01:15,7411174180244262175,
9/6/24,22:25:30,0:00:10,7410813723855654186,
9/6/24,22:25:40,0:00:02,7405069735211060523,
9/6/24,22:25:42,0:00:16,7410846676925173023,
9/6/24,22:25:58,0:01:19,7408687514518670622,
9/6/24,22:27:17,0:00:01,7411625383105219886,
9/6/24,22:27:18,0:00:10,7410797497993530667,
9/6/24,22:27:28,0:00:17,7411484157555117343,
9/6/24,22:27:45,0:00:02,7406039911947586846,
9/6/24,22:27:47,0:03:03,7411541154048642346,
9/6/24,22:30:50,0:03:37,7411352609874808107,
9/6/24,22:34:27,0:00:07,7411530415690829087,
9/6/24,22:34:34,0:00:15,7397372004539616519,
9/6/24,22:34:49,0:00:01,7397817685733657872,
9/6/24,22:34:50,0:00:09,7411310127149632810,
9/6/24,22:34:59,0:00:22,7385985769623653665,
9/6/24,22:35:21,0:05:01,7410995582313041182,
9/6/24,22:40:22,0:00:20,7392957485377703199,
9/6/24,22:40:42,0:00:01,7392001499074759952,
9/6/24,22:40:43,0:00:23,7410898706096229678,
9/6/24,22:41:06,0:00:06,7411561224254557483,
9/6/24,22:41:12,0:00:05,7411309605482990879,
9/6/24,22:41:17,1:06:05,7411580577356205342,
9/6/24,23:47:22,0:00:01,7391907797446806800,
9/6/24,23:47:23,0:00:02,7410523980492279046,
9/6/24,23:47:25,0:00:03,7411248546227211566,
9/6/24,23:47:28,0:00:08,7399429288363101446,
9/6/24,23:47:36,0:00:04,7408562110965255467,
9/6/24,23:47:40,0:00:01,7406087495777078559,
9/6/24,23:47:41,0:00:06,7411318642706484511,
9/6/24,23:47:47,,7410899506755292462,
9/7/24,3:48:50,0:00:03,7410623892236160286,
9/7/24,3:48:53,0:00:03,7406094924514348318,
9/7/24,3:48:56,0:02:51,7409685180954185003,
9/7/24,3:51:47,0:00:38,7400426383970749701,
9/7/24,3:52:25,0:00:05,7408552460681366814,
9/7/24,3:52:30,0:00:12,7406562601485864235,
9/7/24,3:52:42,0:00:13,7411352771322023211,
9/7/24,3:52:55,0:00:12,7410796030104538410,
9/7/24,3:53:07,0:00:48,7410954167528803614,
9/7/24,3:53:55,0:00:01,7405986403760262416,
9/7/24,3:53:56,0:00:08,7411564579840412970,
9/7/24,3:54:04,0:00:07,7411446355131960609,
9/7/24,3:54:11,0:00:02,7407641654087208235,
9/7/24,3:54:13,0:00:01,7406269054056418576,
9/7/24,3:54:14,0:00:03,7408266496146689311,
9/7/24,3:54:17,0:00:08,7407896390073945376,
9/7/24,3:54:25,0:01:28,7411150250842279199,
9/7/24,3:55:53,0:00:17,7409097646599671072,
9/7/24,3:56:10,0:00:01,7410538401511787792,
9/7/24,3:56:11,0:00:03,7411230813217361195,
9/7/24,3:56:14,0:00:02,7407903016138919210,
9/7/24,3:56:16,0:00:14,7405380189238283566,
9/7/24,3:56:30,0:00:01,7411680315623607594,
9/7/24,3:56:31,0:00:02,7410933603628109099,
9/7/24,3:56:33,0:00:24,7411647805632138526,
9/7/24,3:56:57,0:00:01,7410830338236239121,
9/7/24,3:56:58,0:03:08,7408965313150209322,
9/7/24,4:00:06,0:01:03,7387195328983862570,
9/7/24,4:01:09,0:00:54,7410947275234577694,
9/7/24,4:02:03,0:00:01,7403471323151748383,
9/7/24,4:02:04,0:00:38,7407883933615918366,
9/7/24,4:02:42,0:00:02,7408942325143031082,
9/7/24,4:02:44,0:00:29,7411246086909742367,
9/7/24,4:03:13,0:00:01,7411292384719293729,
9/7/24,4:03:14,0:00:05,7408935632661253418,
9/7/24,4:03:19,0:00:01,7410425006649265424,
9/7/24,4:03:20,0:00:13,7411628381202173226,
9/7/24,4:03:33,0:00:01,7411722088869940511,
9/7/24,4:03:34,0:02:09,7394978022400658734,
9/7/24,4:05:43,0:00:06,7403024746813672734,
9/7/24,4:05:49,0:00:00,7396880934894603551,
9/7/24,4:05:49,0:00:12,7401147804720106769,
9/7/24,4:06:01,0:00:04,7405288806917688581,
9/7/24,4:06:05,0:00:04,7410954446957464863,
9/7/24,4:06:09,0:00:42,7400421427700157738,
9/7/24,4:06:51,0:00:01,7408592371258101009,
9/7/24,4:06:52,0:00:09,7411162557530131754,
9/7/24,4:07:01,0:01:02,7411005147381320990,
9/7/24,4:08:03,0:00:08,7411509161797733674,
9/7/24,4:08:11,0:00:13,7410746742641151274,
9/7/24,4:08:24,0:00:01,7400488354325908752,
9/7/24,4:08:25,0:00:02,7410414389687258398,
9/7/24,4:08:27,0:00:03,7382814521636769066,
9/7/24,4:08:30,0:00:30,7411640002209189162,
9/7/24,4:09:00,0:00:28,7410835885161221422,
9/7/24,4:09:28,0:01:11,7407839110196677934,
9/7/24,4:10:39,0:00:01,7392001499074759952,
9/7/24,4:10:40,0:01:03,7403060325932666143,
9/7/24,4:11:43,0:00:05,7410833067868294442,
9/7/24,4:11:48,0:00:10,7410901267830066475,
9/7/24,4:11:58,0:00:08,7381914991772830981,
9/7/24,4:12:06,0:00:00,7411224448629525793,
9/7/24,4:12:06,0:00:12,7390044955420413200,
9/7/24,4:12:18,0:00:01,7410864723714985258,
9/7/24,4:12:19,0:00:09,7410879256118529310,
9/7/24,4:12:28,0:00:08,7405651663148551470,
9/7/24,4:12:36,0:00:01,7410896974091685137,
9/7/24,4:12:37,0:00:02,7410024722420780318,
9/7/24,4:12:39,0:00:22,7411363883295739166,
9/7/24,4:13:01,0:00:05,7407476469426851118,
9/7/24,4:13:06,0:00:01,7387447829742095659,
9/7/24,4:13:07,0:00:02,7406849471616945454,
9/7/24,4:13:09,0:00:11,7402800659680087326,
9/7/24,4:13:20,9:31:47,7411636888198483230,
9/7/24,13:45:07,0:00:01,7411157780104498449,
9/7/24,13:45:08,0:00:01,7410252151722691870,
9/7/24,13:45:09,0:00:13,7405428995656846622,
9/7/24,13:45:22,0:00:01,7340430463821008130,
9/7/24,13:45:23,0:00:08,7405084528223472938,
9/7/24,13:45:31,0:00:13,7411141065073233182,
9/7/24,13:45:44,0:01:06,7390811793683156266,
9/7/24,13:46:50,0:00:36,7410144599991225631,
9/7/24,13:47:26,0:00:05,7408313339324943658,
9/7/24,13:47:31,0:00:03,7411772610863713553,
9/7/24,13:47:34,0:00:39,7405774999669312798,
9/7/24,13:48:13,0:01:06,7411255076221685023,
9/7/24,13:49:19,0:00:15,7411591681377619230,
9/7/24,13:49:34,0:00:13,7391569015149251883,
9/7/24,13:49:47,0:00:05,7408264379172441374,
9/7/24,13:49:52,0:00:01,7405623117646679297,
9/7/24,13:49:53,0:00:11,7406779775257201966,
9/7/24,13:50:04,0:00:30,7411723546138807583,
9/7/24,13:50:34,0:00:36,7410476110493830433,
9/7/24,13:51:10,0:00:18,7404528306051190058,
9/7/24,13:51:28,0:01:11,7411827159993437472,
9/7/24,13:52:39,0:00:37,7386164073605614894,
9/7/24,13:53:16,0:00:54,7411170312261307690,
9/7/24,13:54:10,0:00:06,7411561626333121822,
9/7/24,13:54:16,0:00:59,7410243778360937774,
9/7/24,13:55:15,0:00:27,7408288750884687135,
9/7/24,13:55:42,0:00:02,7411226952176110865,
9/7/24,13:55:44,0:00:03,7406962971034799406,
9/7/24,13:55:47,0:00:53,7411181712660499755,
9/7/24,13:56:40,0:00:25,7411275336580599073,
9/7/24,13:57:05,0:00:04,7411626975833427230,
9/7/24,13:57:09,0:00:02,7408592383291428113,
9/7/24,13:57:11,0:00:29,7411609725281881386,
9/7/24,13:57:40,0:00:03,7411358927348337966,
9/7/24,13:57:43,0:00:57,7403820893769616683,
9/7/24,13:58:40,0:00:01,7384473820075248927,
9/7/24,13:58:41,0:01:10,7387771234089487623,
9/7/24,13:59:51,0:00:28,7399254430840933640,
9/7/24,14:00:19,0:00:04,7408640193969884462,
9/7/24,14:00:23,0:00:01,7392325827062680878,
9/7/24,14:00:24,0:02:03,7408469650134060319,
9/7/24,14:02:27,0:01:04,7383380500758433066,
9/7/24,14:03:31,0:01:30,7410145898153413918,
9/7/24,14:05:01,0:00:10,7402126591381261599,
9/7/24,14:05:11,0:00:11,7411601526520565022,
9/7/24,14:05:22,0:00:10,7236805237632159019,
9/7/24,14:05:32,0:00:09,7401349288762068255,
9/7/24,14:05:41,0:00:02,7410484062348954923,
9/7/24,14:05:43,0:00:02,7411741933443370245,
9/7/24,14:05:45,0:00:02,7381848722486906142,
9/7/24,14:05:47,0:00:05,7409365318293802286,
9/7/24,14:05:52,0:00:02,7391889481260911889,
9/7/24,14:05:54,0:00:01,7409328700040170785,
9/7/24,14:05:55,0:00:27,7400806386390682922,
9/7/24,14:06:22,4:46:36,7407539452219837726,
9/7/24,18:52:58,0:00:03,7407844299209067792,
9/7/24,18:53:01,0:01:02,7394856679323585824,
9/7/24,18:54:03,0:00:36,7406106696839367968,
9/7/24,18:54:39,0:00:05,7411277961820687658,
9/7/24,18:54:44,0:00:11,7407602491837271327,
9/7/24,18:54:55,0:00:31,7399066087075204383,
9/7/24,18:55:26,0:00:03,7391852298277801248,
9/7/24,18:55:29,0:01:18,7407438132481674528,
9/7/24,18:56:47,0:00:01,7403400435240865040,
9/7/24,18:56:48,0:00:17,7404589452716199198,
9/7/24,18:57:05,0:00:35,7388570747318439211,
9/7/24,18:57:40,0:00:06,7411211500494376224,
9/7/24,18:57:46,0:00:01,7408607538616290577,
9/7/24,18:57:47,0:01:27,7410804102843649313,
9/7/24,18:59:14,0:00:18,7403195741419719966,
9/7/24,18:59:32,0:00:28,7403533019228818719,
9/7/24,19:00:00,0:00:15,7400872276566101278,
9/7/24,19:00:15,0:00:01,7408644002066533649,
9/7/24,19:00:16,0:00:10,7411510048377163051,
9/7/24,19:00:26,0:00:03,7389002661388995883,
9/7/24,19:00:29,0:00:01,7411578181829823774,
9/7/24,19:00:30,0:00:05,7411898780540292382,
9/7/24,19:00:35,0:00:01,7407892181408566545,
9/7/24,19:00:36,,7410507389339798826,